la_code_2021,la_name_2021,number_of_msoas,mean_care_20_plus_actual,mean_care_20_plus_expected,mean_care_20_plus_residual,max_care_20_plus_residual,min_care_20_plus_residual,share_care_20_plus_top_5pct_higher,share_care_20_plus_top_5pct_lower,mean_any_care_actual,mean_any_care_expected,mean_any_care_residual,max_any_care_residual,min_any_care_residual,share_any_care_top_5pct_higher,share_any_care_top_5pct_lower
E06000001,Hartlepool,11,6.877,6.667,0.211,0.781,-0.784,0.0,0.0,10.977,10.759,0.218,0.873,-0.424,0.0,0.0
E06000002,Middlesbrough,19,5.844,6.016,-0.172,0.837,-1.476,0.0,21.05,9.414,9.795,-0.381,0.913,-1.598,0.0,10.53
E06000003,Redcar and Cleveland,19,6.43,6.468,-0.039,1.231,-2.576,5.26,10.53,10.661,11.069,-0.408,0.941,-2.368,0.0,15.79
E06000004,Stockton-on-Tees,26,5.687,5.457,0.23,1.169,-1.767,7.69,7.69,9.829,9.766,0.063,1.239,-1.392,0.0,3.85
E06000005,Darlington,14,5.126,5.247,-0.121,0.901,-1.333,0.0,21.43,9.597,9.8,-0.203,0.988,-1.366,0.0,7.14
E06000006,Halton,16,6.747,5.923,0.824,2.079,-0.497,37.5,0.0,11.376,10.291,1.085,2.371,-0.397,43.75,0.0
E06000007,Warrington,25,4.711,4.721,-0.01,0.798,-1.124,0.0,8.0,9.707,9.38,0.327,1.517,-1.306,4.0,0.0
E06000008,Blackburn with Darwen,18,5.388,5.812,-0.424,0.275,-2.086,0.0,16.67,9.259,9.682,-0.423,0.807,-2.227,0.0,16.67
E06000009,Blackpool,19,6.601,6.563,0.039,0.941,-1.373,0.0,10.53,10.918,10.676,0.242,1.334,-0.902,0.0,0.0
E06000010,Kingston upon Hull,33,5.2,5.41,-0.21,0.848,-1.738,0.0,15.15,8.507,9.134,-0.627,0.737,-2.423,0.0,24.24
E06000011,East Riding of Yorkshire,43,4.736,4.91,-0.174,1.314,-1.406,2.33,13.95,9.398,10.1,-0.702,0.768,-2.414,0.0,23.26
E06000012,North East Lincolnshire,22,5.517,5.902,-0.385,0.403,-3.75,0.0,9.09,9.461,10.239,-0.778,0.232,-3.253,0.0,18.18
E06000013,North Lincolnshire,23,5.338,5.396,-0.058,0.83,-1.353,0.0,8.7,9.592,10.098,-0.506,0.423,-2.225,0.0,4.35
E06000014,York,24,3.309,3.985,-0.676,0.301,-1.559,0.0,25.0,7.868,8.737,-0.868,0.403,-1.851,0.0,25.0
E06000015,Derby,31,4.961,4.918,0.043,1.2,-1.121,3.23,6.45,9.161,9.182,-0.021,0.911,-1.244,0.0,0.0
E06000016,Leicester,38,4.575,4.606,-0.031,1.307,-1.176,5.26,5.26,7.817,8.156,-0.34,1.29,-1.921,0.0,13.16
E06000017,Rutland,5,3.445,3.716,-0.271,0.463,-1.008,0.0,20.0,8.082,8.876,-0.794,-0.293,-1.462,0.0,20.0
E06000018,Nottingham,37,4.767,4.53,0.237,1.733,-1.067,5.41,2.7,8.356,8.09,0.266,1.704,-0.799,8.11,0.0
E06000019,Herefordshire,23,4.386,4.539,-0.152,1.048,-0.687,4.35,0.0,9.353,9.498,-0.146,1.869,-1.438,8.7,4.35
E06000020,Telford and Wrekin,24,5.631,5.135,0.496,1.67,-0.6,8.33,0.0,10.338,9.422,0.917,2.105,-0.397,20.83,0.0
E06000021,Stoke-on-Trent,33,5.591,5.629,-0.038,1.409,-1.841,9.09,15.15,9.778,9.745,0.032,1.802,-1.912,6.06,6.06
E06000022,Bath and North East Somerset,27,3.583,3.786,-0.203,0.54,-1.253,0.0,3.7,8.252,8.401,-0.149,2.073,-1.364,3.7,7.41
E06000023,Bristol,57,3.699,3.828,-0.129,0.87,-2.259,0.0,7.02,7.719,7.797,-0.077,1.308,-3.208,0.0,3.51
E06000024,North Somerset,26,4.172,4.662,-0.49,0.393,-1.685,0.0,23.08,9.143,9.781,-0.638,1.298,-1.949,0.0,15.38
E06000025,South Gloucestershire,34,3.919,3.929,-0.009,0.685,-0.837,0.0,0.0,8.691,8.717,-0.026,0.844,-1.195,0.0,0.0
E06000026,Plymouth,33,5.322,5.201,0.12,2.078,-1.484,6.06,3.03,9.597,9.584,0.012,1.943,-1.612,3.03,3.03
E06000027,Torbay,17,6.274,5.795,0.479,1.483,-1.29,29.41,5.88,11.151,10.727,0.423,2.151,-1.84,17.65,11.76
E06000030,Swindon,27,4.298,4.272,0.026,0.839,-1.127,0.0,3.7,8.427,8.48,-0.053,0.978,-2.091,0.0,7.41
E06000031,Peterborough,22,4.46,4.528,-0.068,0.507,-0.626,0.0,0.0,8.251,8.58,-0.329,1.382,-1.711,4.55,4.55
E06000032,Luton,22,4.293,4.172,0.122,1.078,-1.055,4.55,4.55,7.732,7.597,0.135,1.366,-1.352,4.55,4.55
E06000033,Southend-on-Sea,17,4.44,4.702,-0.261,0.298,-1.534,0.0,5.88,8.823,9.079,-0.256,1.038,-1.817,0.0,5.88
E06000034,Thurrock,20,4.161,4.042,0.119,0.488,-0.478,0.0,0.0,7.73,7.927,-0.198,1.135,-0.856,0.0,0.0
E06000035,Medway,38,4.694,4.491,0.203,1.16,-0.935,5.26,0.0,8.651,8.603,0.048,1.138,-1.148,0.0,0.0
E06000036,Bracknell Forest,15,3.389,3.432,-0.043,0.594,-0.972,0.0,6.67,7.517,7.797,-0.281,0.866,-1.955,0.0,13.33
E06000037,West Berkshire,22,3.375,3.665,-0.29,0.516,-1.063,0.0,4.55,7.929,8.359,-0.43,0.611,-1.681,0.0,4.55
E06000038,Reading,19,3.353,3.259,0.094,1.29,-0.855,5.26,0.0,6.722,7.081,-0.358,1.108,-1.755,0.0,10.53
E06000039,Slough,15,3.838,3.591,0.246,0.939,-0.254,0.0,0.0,6.91,7.038,-0.128,0.675,-0.869,0.0,0.0
E06000040,Windsor and Maidenhead,18,3.185,3.388,-0.203,0.608,-1.24,0.0,5.56,7.442,7.811,-0.369,0.657,-1.668,0.0,11.11
E06000041,Wokingham,20,2.992,3.523,-0.53,0.177,-1.303,0.0,15.0,7.324,8.132,-0.809,0.812,-2.31,0.0,5.0
E06000042,Milton Keynes,35,3.941,3.961,-0.02,0.964,-0.827,0.0,0.0,7.767,7.962,-0.194,1.565,-1.573,2.86,5.71
E06000043,Brighton and Hove,33,3.576,3.709,-0.133,1.417,-1.66,6.06,12.12,7.872,7.67,0.202,2.253,-1.622,9.09,6.06
E06000044,Portsmouth,26,4.113,4.25,-0.137,1.291,-1.419,3.85,7.69,7.89,8.114,-0.225,1.182,-1.389,0.0,3.85
E06000045,Southampton,33,4.205,3.971,0.234,1.437,-0.527,9.09,0.0,7.811,7.808,0.002,1.566,-1.339,3.03,3.03
E06000046,Isle of Wight,18,5.579,5.629,-0.05,1.306,-1.343,5.56,11.11,10.563,10.779,-0.215,1.239,-1.772,0.0,5.56
E06000047,County Durham,65,6.2,6.017,0.183,0.834,-0.757,0.0,0.0,10.723,10.598,0.125,1.247,-1.163,0.0,0.0
E06000049,Cheshire East,52,4.159,4.498,-0.339,1.352,-1.439,1.92,11.54,9.076,9.47,-0.394,1.3,-1.931,0.0,11.54
E06000050,Cheshire West and Chester,47,4.893,4.885,0.008,1.595,-1.314,6.38,4.26,9.721,9.639,0.082,1.707,-1.727,4.26,4.26
E06000051,Shropshire,39,4.522,4.536,-0.014,1.648,-1.329,7.69,10.26,9.627,9.545,0.082,2.8,-1.334,5.13,2.56
E06000052,Cornwall,73,5.166,5.131,0.036,1.324,-1.345,2.74,2.74,10.058,10.1,-0.042,1.414,-1.57,2.74,4.11
E06000053,Isles of Scilly,1,4.139,2.926,1.213,1.213,1.213,100.0,0.0,10.169,8.04,2.129,2.129,2.129,100.0,0.0
E06000054,Wiltshire,64,3.998,4.143,-0.145,0.978,-1.328,1.56,4.69,8.773,8.963,-0.19,1.28,-1.88,0.0,4.69
E06000055,Bedford,21,3.97,3.92,0.05,0.7,-1.436,0.0,9.52,8.286,8.311,-0.025,1.17,-1.912,0.0,9.52
E06000056,Central Bedfordshire,33,3.892,3.78,0.112,0.968,-0.575,0.0,0.0,8.597,8.434,0.163,1.327,-1.268,0.0,0.0
E06000057,Northumberland,38,5.344,5.426,-0.082,1.288,-1.28,2.63,2.63,10.148,10.426,-0.279,1.669,-2.017,2.63,10.53
E06000058,"Bournemouth, Christchurch and Poole",48,4.279,4.482,-0.203,0.996,-1.575,2.08,10.42,8.912,9.2,-0.288,1.585,-2.752,4.17,18.75
E06000059,Dorset,48,4.583,4.803,-0.219,1.203,-1.428,4.17,8.33,9.778,10.15,-0.372,1.568,-2.769,4.17,12.5
E06000060,Buckinghamshire,67,3.443,3.587,-0.144,0.956,-1.419,0.0,1.49,8.009,8.136,-0.126,1.724,-1.805,2.99,4.48
E06000061,North Northamptonshire,40,4.45,4.453,-0.004,0.948,-1.113,0.0,2.5,8.634,8.968,-0.334,0.904,-1.691,0.0,5.0
E06000062,West Northamptonshire,53,3.855,3.911,-0.056,0.921,-1.417,0.0,3.77,7.976,8.304,-0.329,1.093,-2.065,0.0,5.66
E07000008,Cambridge,14,2.621,2.528,0.093,0.741,-0.666,0.0,0.0,6.331,6.426,-0.094,1.087,-0.95,0.0,0.0
E07000009,East Cambridgeshire,10,3.7,3.808,-0.107,0.356,-0.715,0.0,0.0,8.677,8.633,0.044,1.301,-1.442,0.0,10.0
E07000010,Fenland,11,5.479,5.13,0.349,1.091,-0.459,9.09,0.0,9.778,9.87,-0.092,0.84,-1.583,0.0,9.09
E07000011,Huntingdonshire,22,3.797,3.984,-0.187,1.048,-0.739,4.55,0.0,8.328,8.774,-0.446,0.54,-1.201,0.0,0.0
E07000012,South Cambridgeshire,19,3.283,3.585,-0.302,0.078,-0.778,0.0,0.0,8.428,8.374,0.054,1.235,-0.875,0.0,0.0
E07000026,Allerdale,12,5.036,5.359,-0.323,0.303,-0.87,0.0,0.0,9.807,10.378,-0.571,0.893,-1.356,0.0,16.67
E07000027,Barrow-in-Furness,10,5.354,5.82,-0.466,0.466,-2.664,0.0,20.0,9.905,10.52,-0.616,1.095,-2.528,0.0,20.0
E07000028,Carlisle,13,4.408,5.074,-0.666,0.929,-1.387,0.0,23.08,8.866,9.847,-0.981,0.898,-2.176,0.0,30.77
E07000029,Copeland,8,5.613,5.725,-0.112,0.428,-0.858,0.0,0.0,10.155,10.581,-0.426,0.418,-1.383,0.0,12.5
E07000030,Eden,7,4.0,4.171,-0.171,0.538,-1.25,0.0,14.29,9.148,9.242,-0.094,1.351,-1.437,14.29,14.29
E07000031,South Lakeland,14,3.818,4.304,-0.486,0.06,-1.419,0.0,7.14,8.912,9.747,-0.836,0.16,-1.578,0.0,28.57
E07000032,Amber Valley,16,5.097,5.045,0.052,0.635,-0.776,0.0,0.0,10.465,9.944,0.521,1.638,-0.71,6.25,0.0
E07000033,Bolsover,10,6.341,5.84,0.501,1.294,-0.047,10.0,0.0,11.206,10.412,0.794,1.483,-0.183,30.0,0.0
E07000034,Chesterfield,13,5.805,5.87,-0.065,1.09,-0.737,7.69,0.0,10.946,10.532,0.414,1.18,-0.296,0.0,0.0
E07000035,Derbyshire Dales,9,4.118,4.499,-0.381,-0.082,-0.593,0.0,0.0,9.992,9.826,0.165,0.714,-0.865,0.0,0.0
E07000036,Erewash,15,5.012,4.971,0.04,0.569,-0.798,0.0,0.0,10.067,9.724,0.343,1.501,-0.521,6.67,0.0
E07000037,High Peak,11,4.222,4.688,-0.466,-0.034,-1.178,0.0,9.09,9.322,9.577,-0.255,1.136,-1.084,0.0,0.0
E07000038,North East Derbyshire,13,5.427,5.379,0.048,0.881,-0.822,0.0,0.0,10.934,10.504,0.43,1.642,-0.439,7.69,0.0
E07000039,South Derbyshire,12,4.441,4.435,0.006,0.912,-0.811,0.0,0.0,9.252,9.171,0.081,1.62,-0.917,8.33,0.0
E07000040,East Devon,21,4.653,4.738,-0.085,0.815,-0.758,0.0,0.0,9.842,10.227,-0.384,1.105,-1.722,0.0,9.52
E07000041,Exeter,15,3.801,3.866,-0.065,0.543,-1.443,0.0,13.33,8.175,8.192,-0.017,0.839,-1.681,0.0,6.67
E07000042,Mid Devon,11,4.468,4.403,0.065,0.585,-0.837,0.0,0.0,9.521,9.332,0.189,1.616,-1.065,9.09,0.0
E07000043,North Devon,14,4.807,4.957,-0.149,0.435,-1.141,0.0,7.14,9.507,9.994,-0.487,0.492,-1.382,0.0,14.29
E07000044,South Hams,12,4.44,4.705,-0.266,0.319,-1.013,0.0,8.33,10.031,10.035,-0.005,1.334,-1.319,0.0,8.33
E07000045,Teignbridge,19,4.932,4.789,0.143,1.386,-0.585,10.53,0.0,10.299,10.003,0.296,1.504,-1.236,5.26,0.0
E07000046,Torridge,9,5.191,5.246,-0.055,0.577,-0.697,0.0,0.0,10.205,10.478,-0.273,0.622,-1.213,0.0,0.0
E07000047,West Devon,7,4.777,4.834,-0.057,0.654,-0.877,0.0,0.0,10.393,10.101,0.292,1.374,-1.353,28.57,14.29
E07000061,Eastbourne,13,5.238,5.23,0.008,1.239,-0.778,15.38,0.0,9.706,10.041,-0.334,1.555,-2.38,15.38,15.38
E07000062,Hastings,11,5.57,5.517,0.053,0.679,-1.365,0.0,9.09,10.063,9.754,0.309,1.013,-0.932,0.0,0.0
E07000063,Lewes,13,4.739,4.689,0.05,1.01,-0.82,7.69,0.0,10.267,9.698,0.569,1.717,-0.348,7.69,0.0
E07000064,Rother,11,5.259,5.18,0.079,1.026,-1.001,9.09,9.09,10.434,10.577,-0.142,1.196,-1.616,0.0,9.09
E07000065,Wealden,21,4.061,4.317,-0.255,0.998,-1.172,4.76,14.29,9.26,9.386,-0.126,1.166,-1.65,0.0,9.52
E07000066,Basildon,22,4.617,4.657,-0.039,0.663,-1.166,0.0,9.09,8.834,8.911,-0.077,0.953,-1.449,0.0,13.64
E07000067,Braintree,18,4.23,4.262,-0.032,0.505,-0.716,0.0,0.0,8.693,8.865,-0.171,0.784,-1.533,0.0,5.56
E07000068,Brentwood,9,3.539,3.893,-0.354,0.097,-0.941,0.0,0.0,8.343,8.587,-0.245,0.637,-1.237,0.0,0.0
E07000069,Castle Point,12,4.963,4.701,0.262,1.314,-0.365,16.67,0.0,9.515,9.67,-0.154,0.574,-0.735,0.0,0.0
E07000070,Chelmsford,22,3.517,3.898,-0.381,0.27,-0.861,0.0,0.0,7.967,8.52,-0.553,0.314,-1.297,0.0,0.0
E07000071,Colchester,21,3.939,4.055,-0.116,0.961,-0.69,0.0,0.0,8.269,8.468,-0.199,1.06,-1.445,0.0,4.76
E07000072,Epping Forest,17,3.734,3.762,-0.028,0.883,-0.785,0.0,0.0,8.284,8.229,0.055,1.109,-1.428,0.0,5.88
E07000073,Harlow,11,4.43,4.299,0.131,0.666,-0.52,0.0,0.0,8.379,8.251,0.128,0.7,-0.834,0.0,0.0
E07000074,Maldon,8,4.582,4.419,0.163,0.758,-0.485,0.0,0.0,9.856,9.348,0.507,1.935,-0.431,25.0,0.0
E07000075,Rochford,11,4.073,4.297,-0.224,0.21,-0.604,0.0,0.0,8.867,9.236,-0.368,0.338,-1.026,0.0,0.0
E07000076,Tendring,18,6.489,6.004,0.485,1.663,-1.277,22.22,5.56,11.117,11.094,0.023,1.069,-1.571,0.0,5.56
E07000077,Uttlesford,9,3.085,3.549,-0.463,0.164,-0.972,0.0,11.11,7.872,8.239,-0.366,0.744,-1.555,0.0,11.11
E07000078,Cheltenham,15,3.298,4.132,-0.834,-0.155,-1.975,0.0,33.33,7.576,8.797,-1.221,-0.243,-2.624,0.0,33.33
E07000079,Cotswold,11,3.389,3.89,-0.501,-0.07,-1.056,0.0,9.09,8.053,8.905,-0.852,0.43,-1.988,0.0,27.27
E07000080,Forest of Dean,10,4.567,4.799,-0.232,0.617,-0.762,0.0,0.0,9.721,9.742,-0.021,0.845,-0.528,0.0,0.0
E07000081,Gloucester,15,4.282,4.317,-0.035,0.72,-1.482,0.0,13.33,8.595,8.78,-0.186,0.704,-1.84,0.0,13.33
E07000082,Stroud,15,3.594,4.139,-0.544,-0.017,-0.971,0.0,6.67,8.926,9.213,-0.288,1.045,-1.163,0.0,0.0
E07000083,Tewkesbury,10,3.714,4.177,-0.462,-0.029,-1.04,0.0,10.0,8.508,9.217,-0.708,-0.17,-1.508,0.0,10.0
E07000084,Basingstoke and Deane,22,3.529,3.781,-0.252,0.908,-0.836,0.0,0.0,7.846,8.297,-0.451,0.791,-1.298,0.0,0.0
E07000085,East Hampshire,15,3.493,4.014,-0.521,0.157,-1.125,0.0,13.33,8.263,8.883,-0.62,0.349,-1.644,0.0,6.67
E07000086,Eastleigh,15,3.677,4.038,-0.36,0.281,-1.256,0.0,6.67,8.289,8.86,-0.571,0.11,-1.794,0.0,20.0
E07000087,Fareham,14,3.8,4.327,-0.527,0.009,-1.054,0.0,7.14,8.849,9.551,-0.702,0.036,-1.329,0.0,7.14
E07000088,Gosport,10,4.821,4.906,-0.085,1.002,-1.236,10.0,10.0,9.377,9.558,-0.181,1.037,-1.546,0.0,10.0
E07000089,Hart,11,3.007,3.613,-0.606,0.389,-1.078,0.0,18.18,7.418,8.419,-1.001,-0.052,-1.5,0.0,36.36
E07000090,Havant,17,5.092,5.146,-0.054,1.275,-1.187,5.88,11.76,9.581,9.95,-0.37,1.451,-1.495,5.88,5.88
E07000091,New Forest,23,4.342,4.723,-0.38,0.387,-1.28,0.0,17.39,9.607,10.077,-0.47,0.67,-2.236,0.0,13.04
E07000092,Rushmoor,12,3.643,3.734,-0.091,0.463,-0.744,0.0,0.0,7.367,7.856,-0.489,0.212,-1.346,0.0,8.33
E07000093,Test Valley,17,3.556,4.066,-0.509,0.542,-1.416,0.0,23.53,8.256,8.872,-0.617,0.653,-2.065,0.0,5.88
E07000094,Winchester,14,3.051,3.747,-0.696,0.29,-1.239,0.0,21.43,7.749,8.468,-0.718,0.885,-1.308,0.0,0.0
E07000095,Broxbourne,13,4.205,3.983,0.222,0.759,-0.236,0.0,0.0,8.386,8.343,0.044,1.132,-0.908,0.0,0.0
E07000096,Dacorum,22,3.746,3.849,-0.103,1.102,-1.365,4.55,9.09,8.452,8.362,0.09,1.343,-1.373,4.55,4.55
E07000098,Hertsmere,13,3.76,3.664,0.096,0.608,-0.221,0.0,0.0,8.467,7.924,0.543,1.653,-0.276,7.69,0.0
E07000099,North Hertfordshire,16,3.785,3.877,-0.092,0.827,-0.642,0.0,0.0,8.666,8.574,0.092,1.093,-0.865,0.0,0.0
E07000102,Three Rivers,12,3.52,3.54,-0.021,0.644,-0.747,0.0,0.0,8.621,8.022,0.599,2.038,-0.233,16.67,0.0
E07000103,Watford,12,3.614,3.394,0.22,0.675,-0.341,0.0,0.0,7.604,7.345,0.259,0.791,-0.698,0.0,0.0
E07000105,Ashford,15,4.563,4.363,0.201,0.974,-0.57,0.0,0.0,8.965,8.851,0.114,1.141,-0.703,0.0,0.0
E07000106,Canterbury,19,4.491,4.428,0.062,1.189,-0.957,5.26,0.0,9.044,8.982,0.061,1.104,-1.364,0.0,5.26
E07000107,Dartford,13,4.218,4.007,0.211,0.927,-0.227,0.0,0.0,8.339,8.138,0.202,1.048,-1.037,0.0,0.0
E07000108,Dover,14,5.487,5.24,0.247,1.478,-0.624,7.14,0.0,10.408,10.08,0.328,1.778,-0.888,7.14,0.0
E07000109,Gravesham,13,4.879,4.489,0.39,0.992,-0.625,7.69,0.0,9.094,8.63,0.464,1.378,-0.87,15.38,0.0
E07000110,Maidstone,19,4.089,4.132,-0.043,0.907,-0.804,0.0,0.0,8.652,8.712,-0.061,1.425,-1.212,5.26,0.0
E07000111,Sevenoaks,15,3.976,4.083,-0.107,0.782,-1.408,0.0,13.33,8.892,8.864,0.028,1.065,-1.7,0.0,6.67
E07000112,Folkestone and Hythe,14,5.619,5.369,0.25,1.7,-1.447,14.29,7.14,10.38,10.163,0.217,1.563,-1.452,7.14,14.29
E07000113,Swale,17,5.651,5.0,0.65,1.731,-0.148,23.53,0.0,9.887,9.317,0.571,1.884,-0.536,5.88,0.0
E07000114,Thanet,17,5.974,5.522,0.452,1.691,-0.848,29.41,0.0,10.41,10.212,0.198,1.477,-1.31,11.76,0.0
E07000115,Tonbridge and Malling,13,4.165,4.192,-0.027,0.574,-0.989,0.0,7.69,8.828,8.866,-0.038,1.471,-0.625,7.69,0.0
E07000116,Tunbridge Wells,14,3.413,4.069,-0.656,-0.035,-1.098,0.0,14.29,7.949,8.642,-0.693,-0.058,-1.643,0.0,14.29
E07000117,Burnley,12,5.395,5.933,-0.538,0.347,-1.792,0.0,25.0,9.574,10.193,-0.619,0.544,-1.746,0.0,16.67
E07000118,Chorley,14,4.534,4.679,-0.146,0.49,-0.674,0.0,0.0,9.526,9.526,-0.0,1.232,-0.937,0.0,0.0
E07000119,Fylde,9,4.962,5.144,-0.182,0.622,-1.385,0.0,11.11,10.237,10.533,-0.295,0.796,-1.675,0.0,22.22
E07000120,Hyndburn,9,5.627,5.858,-0.231,0.985,-1.058,11.11,11.11,10.069,10.198,-0.129,1.424,-1.11,11.11,0.0
E07000121,Lancaster,18,4.672,4.775,-0.104,1.867,-0.733,5.56,0.0,9.317,9.406,-0.089,1.761,-1.02,5.56,0.0
E07000122,Pendle,12,4.992,5.517,-0.525,0.075,-1.1,0.0,16.67,9.066,9.761,-0.695,0.256,-1.577,0.0,8.33
E07000123,Preston,17,4.667,4.875,-0.207,0.572,-0.676,0.0,0.0,8.775,8.874,-0.099,0.963,-1.139,0.0,0.0
E07000124,Ribble Valley,8,3.735,4.261,-0.526,0.198,-0.953,0.0,0.0,9.091,9.571,-0.481,0.583,-1.689,0.0,12.5
E07000125,Rossendale,8,4.834,5.1,-0.266,0.381,-0.737,0.0,0.0,9.394,9.757,-0.363,0.236,-0.733,0.0,0.0
E07000126,South Ribble,17,4.627,4.705,-0.078,0.647,-0.718,0.0,0.0,9.829,9.754,0.075,0.889,-1.157,0.0,0.0
E07000127,West Lancashire,15,5.208,4.733,0.474,1.127,-0.422,13.33,0.0,10.146,9.395,0.752,1.501,-0.681,13.33,0.0
E07000128,Wyre,14,5.99,5.658,0.331,1.303,-0.786,21.43,0.0,11.204,10.879,0.325,1.839,-0.887,14.29,0.0
E07000129,Blaby,12,4.295,3.996,0.299,0.85,-0.315,0.0,0.0,9.263,8.899,0.364,1.296,-0.492,0.0,0.0
E07000130,Charnwood,22,3.946,3.992,-0.046,1.475,-1.125,4.55,9.09,8.733,8.649,0.084,1.694,-1.407,4.55,4.55
E07000131,Harborough,10,3.55,3.87,-0.319,0.21,-0.833,0.0,0.0,8.655,8.881,-0.226,0.446,-1.206,0.0,0.0
E07000132,Hinckley and Bosworth,14,4.382,4.376,0.006,0.637,-0.454,0.0,0.0,9.528,9.417,0.111,0.706,-0.394,0.0,0.0
E07000133,Melton,6,4.084,4.17,-0.086,0.278,-0.359,0.0,0.0,9.166,9.172,-0.007,1.029,-0.855,0.0,0.0
E07000134,North West Leicestershire,13,4.523,4.443,0.08,0.531,-0.957,0.0,0.0,9.334,9.242,0.092,0.508,-1.171,0.0,0.0
E07000135,Oadby and Wigston,7,4.679,4.241,0.439,1.302,-0.23,14.29,0.0,9.617,9.013,0.604,1.752,-0.635,28.57,0.0
E07000136,Boston,8,5.021,4.798,0.224,1.493,-0.974,25.0,12.5,8.841,9.41,-0.57,1.211,-2.133,0.0,37.5
E07000137,East Lindsey,18,7.357,6.236,1.122,3.148,-0.671,50.0,0.0,11.984,11.374,0.609,2.139,-1.254,22.22,0.0
E07000138,Lincoln,11,4.599,4.582,0.017,0.754,-0.512,0.0,0.0,8.172,8.372,-0.2,0.832,-0.945,0.0,0.0
E07000139,North Kesteven,13,4.887,4.629,0.259,1.073,-0.164,7.69,0.0,9.511,9.682,-0.171,1.033,-0.919,0.0,0.0
E07000140,South Holland,11,5.292,4.74,0.552,1.284,-0.288,18.18,0.0,9.644,9.612,0.033,1.592,-1.745,9.09,9.09
E07000141,South Kesteven,16,4.417,4.553,-0.136,1.05,-1.286,6.25,6.25,9.023,9.481,-0.458,0.973,-2.449,0.0,12.5
E07000142,West Lindsey,11,5.131,5.281,-0.15,0.632,-0.503,0.0,0.0,10.024,10.283,-0.259,0.711,-0.937,0.0,0.0
E07000143,Breckland,17,4.916,4.745,0.172,1.18,-0.819,5.88,0.0,9.297,9.716,-0.419,1.061,-2.0,0.0,11.76
E07000144,Broadland,18,4.217,4.622,-0.405,0.083,-1.058,0.0,11.11,9.38,9.831,-0.45,0.397,-1.128,0.0,0.0
E07000145,Great Yarmouth,13,6.288,5.847,0.441,1.05,-0.677,23.08,0.0,10.434,10.275,0.16,1.013,-1.007,0.0,0.0
E07000146,King's Lynn and West Norfolk,19,5.282,5.147,0.134,0.893,-0.834,0.0,0.0,9.809,10.161,-0.352,1.189,-1.638,0.0,15.79
E07000147,North Norfolk,15,5.221,5.413,-0.191,0.461,-0.919,0.0,0.0,10.298,10.897,-0.6,0.517,-2.065,0.0,26.67
E07000148,Norwich,15,3.736,4.383,-0.647,0.478,-2.797,0.0,33.33,7.628,8.181,-0.553,0.603,-2.773,0.0,20.0
E07000149,South Norfolk,16,4.088,4.504,-0.415,0.435,-1.095,0.0,6.25,9.155,9.622,-0.466,0.895,-1.589,0.0,18.75
E07000163,Craven,7,3.919,4.503,-0.584,-0.153,-0.855,0.0,0.0,9.324,9.872,-0.548,-0.342,-1.048,0.0,0.0
E07000164,Hambleton,12,4.155,4.394,-0.239,0.337,-0.99,0.0,8.33,9.586,9.654,-0.068,1.009,-0.953,0.0,0.0
E07000165,Harrogate,21,3.476,4.076,-0.6,0.04,-1.584,0.0,28.57,8.445,9.142,-0.697,0.623,-1.792,0.0,19.05
E07000166,Richmondshire,6,4.026,4.082,-0.056,1.236,-0.985,16.67,16.67,8.955,9.182,-0.227,0.366,-1.082,0.0,0.0
E07000167,Ryedale,7,4.068,4.361,-0.293,0.289,-0.898,0.0,0.0,9.337,9.526,-0.188,1.102,-1.672,0.0,14.29
E07000168,Scarborough,14,5.287,5.661,-0.375,0.496,-1.505,0.0,21.43,9.958,10.688,-0.73,1.631,-2.49,7.14,28.57
E07000169,Selby,10,4.198,4.423,-0.225,0.277,-0.745,0.0,0.0,8.965,9.385,-0.42,0.19,-1.318,0.0,10.0
E07000170,Ashfield,16,6.402,5.624,0.779,2.122,-0.352,37.5,0.0,11.727,10.156,1.571,3.773,-0.329,56.25,0.0
E07000171,Bassetlaw,14,5.331,5.182,0.149,0.965,-1.067,0.0,7.14,10.098,9.97,0.128,1.261,-1.93,0.0,7.14
E07000172,Broxtowe,14,4.57,4.598,-0.028,0.886,-0.937,0.0,0.0,9.901,9.439,0.462,1.417,-0.718,14.29,0.0
E07000173,Gedling,15,4.897,4.589,0.308,0.93,-0.499,0.0,0.0,10.521,9.511,1.01,1.813,-0.462,26.67,0.0
E07000174,Mansfield,13,6.37,5.943,0.427,1.87,-0.873,30.77,0.0,11.702,10.434,1.268,2.681,-1.274,53.85,0.0
E07000175,Newark and Sherwood,13,5.171,4.884,0.287,1.499,-0.827,15.38,0.0,10.566,9.788,0.778,2.396,-0.941,38.46,0.0
E07000176,Rushcliffe,15,3.75,3.912,-0.163,0.58,-1.071,0.0,6.67,9.327,9.024,0.304,1.284,-0.694,0.0,0.0
E07000177,Cherwell,19,3.576,3.595,-0.02,0.748,-0.8,0.0,0.0,7.717,8.116,-0.399,0.469,-1.622,0.0,5.26
E07000178,Oxford,19,3.083,2.75,0.333,1.491,-0.684,5.26,0.0,6.948,6.654,0.294,1.278,-0.833,0.0,0.0
E07000179,South Oxfordshire,20,3.266,3.509,-0.243,0.632,-1.001,0.0,5.0,8.015,8.276,-0.261,1.031,-1.519,0.0,10.0
E07000180,Vale of White Horse,14,3.413,3.594,-0.181,0.365,-0.497,0.0,0.0,8.15,8.374,-0.224,0.421,-1.031,0.0,0.0
E07000181,West Oxfordshire,15,3.56,3.624,-0.064,0.364,-0.507,0.0,0.0,8.374,8.465,-0.091,0.781,-1.014,0.0,0.0
E07000187,Mendip,14,4.004,4.341,-0.337,0.102,-1.307,0.0,7.14,8.964,9.256,-0.291,0.617,-2.048,0.0,7.14
E07000188,Sedgemoor,14,4.714,4.81,-0.097,0.832,-1.116,0.0,7.14,9.445,9.665,-0.22,1.14,-1.47,0.0,7.14
E07000189,South Somerset,24,4.384,4.701,-0.317,0.717,-1.326,0.0,4.17,9.123,9.776,-0.652,0.654,-2.119,0.0,12.5
E07000192,Cannock Chase,13,5.56,4.973,0.587,1.126,-0.205,15.38,0.0,10.446,9.435,1.011,2.132,-0.324,15.38,0.0
E07000193,East Staffordshire,15,4.041,4.52,-0.479,0.189,-1.778,0.0,6.67,8.357,9.062,-0.705,0.609,-1.5,0.0,20.0
E07000194,Lichfield,12,4.479,4.41,0.069,0.964,-0.685,0.0,0.0,9.658,9.411,0.247,1.681,-1.27,8.33,0.0
E07000195,Newcastle-under-Lyme,16,5.085,4.878,0.207,0.975,-0.867,6.25,0.0,10.284,9.588,0.696,1.956,-0.642,31.25,0.0
E07000196,South Staffordshire,13,4.898,4.474,0.424,2.039,-0.487,7.69,0.0,10.357,9.52,0.837,1.697,-0.042,7.69,0.0
E07000197,Stafford,16,4.455,4.559,-0.104,0.878,-0.958,0.0,0.0,9.741,9.539,0.202,1.492,-1.123,12.5,0.0
E07000198,Staffordshire Moorlands,13,4.939,4.858,0.08,0.698,-1.247,0.0,7.69,10.735,10.08,0.655,1.702,-0.398,15.38,0.0
E07000199,Tamworth,10,5.19,4.708,0.482,1.23,-0.5,10.0,0.0,9.51,9.177,0.333,1.685,-0.953,10.0,0.0
E07000200,Babergh,11,4.144,4.361,-0.217,0.649,-0.585,0.0,0.0,9.209,9.473,-0.265,0.77,-1.74,0.0,9.09
E07000202,Ipswich,16,4.507,4.399,0.108,1.492,-0.649,12.5,0.0,8.692,8.723,-0.031,1.429,-1.107,6.25,0.0
E07000203,Mid Suffolk,12,3.951,4.307,-0.357,0.248,-1.427,0.0,8.33,9.173,9.419,-0.246,1.165,-1.465,0.0,8.33
E07000207,Elmbridge,18,2.954,3.44,-0.486,0.475,-1.339,0.0,11.11,7.313,7.966,-0.654,0.738,-1.405,0.0,16.67
E07000208,Epsom and Ewell,9,3.416,3.509,-0.094,0.537,-0.9,0.0,0.0,7.88,8.153,-0.274,0.863,-1.967,0.0,11.11
E07000209,Guildford,18,3.205,3.238,-0.033,1.146,-1.016,5.56,5.56,7.762,7.604,0.158,1.28,-0.72,0.0,0.0
E07000210,Mole Valley,13,3.436,3.942,-0.507,0.631,-1.413,0.0,23.08,8.731,8.88,-0.149,1.134,-1.188,0.0,0.0
E07000211,Reigate and Banstead,18,3.524,3.747,-0.223,0.402,-1.169,0.0,5.56,7.956,8.286,-0.33,1.016,-1.65,0.0,11.11
E07000212,Runnymede,10,3.626,3.316,0.31,0.9,-0.2,0.0,0.0,8.009,7.604,0.405,1.434,-0.224,10.0,0.0
E07000213,Spelthorne,13,4.038,3.802,0.236,0.757,-0.263,0.0,0.0,8.589,8.217,0.372,1.308,-0.526,0.0,0.0
E07000214,Surrey Heath,12,3.255,3.674,-0.419,0.154,-1.028,0.0,8.33,7.642,8.338,-0.696,0.257,-1.552,0.0,25.0
E07000215,Tandridge,11,3.633,3.801,-0.168,0.624,-0.825,0.0,0.0,8.586,8.59,-0.005,0.646,-0.581,0.0,0.0
E07000216,Waverley,17,3.115,3.836,-0.721,-0.097,-1.448,0.0,23.53,7.922,8.602,-0.68,0.031,-1.808,0.0,11.76
E07000217,Woking,12,3.544,3.555,-0.01,1.034,-1.098,16.67,8.33,8.112,7.953,0.159,1.748,-1.236,8.33,0.0
E07000218,North Warwickshire,7,5.081,4.518,0.563,1.275,0.102,14.29,0.0,9.97,9.313,0.657,1.283,0.016,0.0,0.0
E07000219,Nuneaton and Bedworth,17,5.351,5.015,0.336,0.898,-0.178,0.0,0.0,9.833,9.494,0.339,1.15,-0.369,0.0,0.0
E07000220,Rugby,13,3.794,3.926,-0.133,0.466,-0.607,0.0,0.0,8.247,8.543,-0.295,0.777,-1.441,0.0,7.69
E07000221,Stratford-on-Avon,15,3.718,4.035,-0.317,0.244,-1.031,0.0,6.67,8.653,9.164,-0.511,0.288,-1.383,0.0,13.33
E07000222,Warwick,15,3.367,3.632,-0.264,0.457,-0.892,0.0,0.0,8.004,8.253,-0.248,0.772,-0.841,0.0,0.0
E07000223,Adur,8,4.608,4.622,-0.013,0.613,-0.702,0.0,0.0,9.609,9.586,0.023,1.127,-0.571,0.0,0.0
E07000224,Arun,19,4.589,4.76,-0.171,0.946,-1.377,0.0,10.53,9.324,9.966,-0.642,0.499,-2.365,0.0,15.79
E07000225,Chichester,14,3.797,4.199,-0.402,0.471,-1.055,0.0,7.14,8.802,9.206,-0.404,1.231,-1.51,0.0,7.14
E07000226,Crawley,13,4.226,3.778,0.448,1.042,-0.279,7.69,0.0,8.168,7.5,0.668,1.511,-0.241,15.38,0.0
E07000227,Horsham,16,3.311,3.853,-0.542,-0.018,-0.996,0.0,6.25,8.417,8.807,-0.391,1.176,-1.389,0.0,6.25
E07000228,Mid Sussex,17,3.291,3.741,-0.45,0.361,-1.365,0.0,5.88,8.09,8.586,-0.496,0.641,-2.131,0.0,5.88
E07000229,Worthing,13,4.301,4.544,-0.243,0.789,-1.782,0.0,15.38,9.217,9.391,-0.174,0.93,-2.514,0.0,15.38
E07000234,Bromsgrove,14,4.103,4.153,-0.05,1.332,-0.923,7.14,0.0,9.49,9.242,0.248,1.839,-1.292,14.29,0.0
E07000235,Malvern Hills,11,4.24,4.678,-0.438,0.29,-1.224,0.0,9.09,9.629,9.874,-0.245,0.393,-1.321,0.0,9.09
E07000236,Redditch,13,4.823,4.408,0.415,1.332,-0.334,23.08,0.0,9.096,8.877,0.218,0.764,-0.569,0.0,0.0
E07000237,Worcester,14,3.983,4.21,-0.227,0.214,-0.895,0.0,0.0,8.178,8.51,-0.332,0.409,-1.309,0.0,0.0
E07000238,Wychavon,19,4.283,4.326,-0.043,0.688,-0.698,0.0,0.0,9.051,9.318,-0.267,0.967,-1.482,0.0,10.53
E07000239,Wyre Forest,14,5.166,5.01,0.156,0.758,-0.631,0.0,0.0,9.878,9.906,-0.028,0.94,-1.168,0.0,0.0
E07000240,St Albans,20,3.117,3.545,-0.428,0.573,-1.449,0.0,15.0,7.83,8.193,-0.362,0.84,-2.019,0.0,5.0
E07000241,Welwyn Hatfield,16,3.638,3.582,0.056,0.708,-0.848,0.0,0.0,8.264,7.822,0.442,1.147,-0.254,0.0,0.0
E07000242,East Hertfordshire,18,3.13,3.616,-0.486,0.16,-0.877,0.0,0.0,7.782,8.246,-0.464,0.197,-1.079,0.0,0.0
E07000243,Stevenage,12,4.724,4.135,0.588,1.246,0.096,25.0,0.0,9.149,8.32,0.829,1.923,-0.041,16.67,0.0
E07000244,East Suffolk,30,5.033,5.215,-0.182,0.554,-1.545,0.0,3.33,10.079,10.362,-0.283,1.03,-1.773,0.0,10.0
E07000245,West Suffolk,21,3.775,3.902,-0.127,0.949,-1.242,0.0,14.29,7.893,8.629,-0.736,0.585,-2.289,0.0,19.05
E07000246,Somerset West and Taunton,19,4.491,4.847,-0.355,0.445,-1.605,0.0,5.26,9.374,9.961,-0.588,0.689,-2.077,0.0,15.79
E08000001,Bolton,35,5.203,5.402,-0.2,0.978,-2.301,2.86,14.29,9.391,9.467,-0.076,1.629,-2.071,2.86,8.57
E08000002,Bury,26,4.771,4.856,-0.085,0.617,-1.689,0.0,3.85,9.294,9.319,-0.026,1.18,-1.758,0.0,3.85
E08000003,Manchester,59,4.316,4.464,-0.149,1.029,-1.823,1.69,6.78,7.365,7.651,-0.287,1.278,-2.322,0.0,10.17
E08000004,Oldham,34,5.261,5.376,-0.116,1.338,-1.997,2.94,5.88,9.276,9.43,-0.154,1.247,-2.349,0.0,2.94
E08000005,Rochdale,25,5.27,5.484,-0.214,0.732,-1.257,0.0,4.0,9.307,9.579,-0.272,0.975,-1.246,0.0,0.0
E08000006,Salford,34,4.753,4.727,0.026,1.267,-1.816,5.88,8.82,8.247,8.374,-0.127,1.071,-2.151,0.0,8.82
E08000007,Stockport,42,4.466,4.695,-0.229,0.73,-2.444,0.0,4.76,9.45,9.458,-0.008,1.147,-2.637,0.0,4.76
E08000008,Tameside,30,5.246,5.343,-0.097,1.203,-2.037,3.33,10.0,9.575,9.637,-0.061,1.325,-2.161,0.0,3.33
E08000009,Trafford,28,3.989,4.355,-0.367,0.68,-1.282,0.0,7.14,8.556,8.951,-0.395,1.003,-1.38,0.0,3.57
E08000010,Wigan,40,5.657,5.354,0.303,1.563,-1.156,12.5,2.5,10.115,9.834,0.281,1.295,-1.418,0.0,2.5
E08000011,Knowsley,20,7.098,6.31,0.789,1.925,-0.306,35.0,0.0,11.387,10.338,1.049,2.83,-0.913,35.0,0.0
E08000012,Liverpool,61,5.886,5.643,0.243,2.042,-1.919,18.03,8.2,9.857,9.428,0.43,3.096,-2.339,18.03,1.64
E08000013,St. Helens,24,6.672,5.949,0.723,1.893,-1.103,37.5,4.17,11.833,10.495,1.339,2.443,-0.347,45.83,0.0
E08000014,Sefton,38,5.988,5.626,0.362,2.028,-1.966,21.05,7.89,10.966,10.354,0.612,2.789,-2.557,28.95,5.26
E08000015,Wirral,42,6.006,5.962,0.045,1.606,-2.158,11.9,14.29,11.051,10.643,0.408,2.294,-2.069,21.43,9.52
E08000016,Barnsley,30,6.215,5.942,0.273,1.169,-1.709,3.33,3.33,10.756,10.393,0.363,1.803,-1.765,3.33,3.33
E08000017,Doncaster,39,5.608,5.454,0.154,1.204,-1.588,7.69,5.13,9.752,9.833,-0.081,1.448,-1.522,5.13,7.69
E08000018,Rotherham,32,6.197,5.798,0.399,1.479,-1.448,15.62,6.25,10.515,10.158,0.357,1.688,-1.199,3.12,0.0
E08000019,Sheffield,70,5.022,4.752,0.27,1.447,-1.115,11.43,2.86,9.478,8.943,0.535,1.905,-1.127,14.29,0.0
E08000021,Newcastle upon Tyne,34,4.742,4.938,-0.196,0.703,-1.994,0.0,8.82,8.305,8.581,-0.276,0.716,-2.462,0.0,8.82
E08000022,North Tyneside,30,5.176,5.235,-0.06,0.953,-1.299,0.0,6.67,9.96,9.907,0.052,1.226,-1.253,0.0,0.0
E08000023,South Tyneside,23,6.135,5.967,0.168,1.501,-1.967,8.7,8.7,10.697,10.232,0.465,1.951,-1.164,8.7,0.0
E08000024,Sunderland,36,6.685,6.092,0.593,1.732,-1.058,19.44,2.78,11.217,10.395,0.822,2.388,-0.728,27.78,0.0
E08000025,Birmingham,132,4.984,4.892,0.093,1.889,-1.662,8.33,4.55,8.67,8.39,0.28,2.413,-1.332,6.82,0.76
E08000026,Coventry,42,4.538,4.472,0.066,1.075,-1.31,4.76,2.38,8.596,8.301,0.295,1.826,-1.241,11.9,0.0
E08000027,Dudley,43,5.357,4.894,0.463,1.42,-0.815,13.95,0.0,10.315,9.339,0.976,2.684,-0.391,30.23,0.0
E08000028,Sandwell,39,5.666,5.218,0.448,1.62,-1.041,20.51,2.56,9.379,8.819,0.56,2.055,-1.698,10.26,2.56
E08000029,Solihull,29,4.934,4.636,0.298,2.124,-0.98,17.24,3.45,9.828,9.36,0.468,2.564,-1.4,13.79,3.45
E08000030,Walsall,39,5.939,5.327,0.612,1.35,-1.049,43.59,2.56,10.048,9.321,0.728,1.936,-0.656,25.64,0.0
E08000031,Wolverhampton,33,5.406,4.805,0.601,1.903,-0.748,24.24,0.0,9.371,8.599,0.771,2.171,-0.894,24.24,0.0
E08000032,Bradford,63,5.04,5.251,-0.211,0.921,-1.047,0.0,7.94,8.964,9.132,-0.168,1.245,-1.738,0.0,3.17
E08000033,Calderdale,27,4.516,5.275,-0.759,0.087,-2.074,0.0,29.63,9.173,9.745,-0.572,1.045,-2.018,0.0,11.11
E08000034,Kirklees,59,4.541,4.979,-0.437,0.679,-1.628,0.0,8.47,9.111,9.34,-0.229,1.163,-1.381,0.0,5.08
E08000035,Leeds,107,4.113,4.486,-0.374,0.711,-1.983,0.0,13.08,8.242,8.673,-0.431,1.056,-2.169,0.0,7.48
E08000036,Wakefield,45,5.371,5.482,-0.111,1.38,-1.369,2.22,4.44,9.586,9.999,-0.413,1.548,-1.781,2.22,6.67
E08000037,Gateshead,27,5.703,5.652,0.051,1.274,-0.972,3.7,3.7,10.149,10.045,0.104,2.005,-1.174,3.7,0.0
E09000001,City of London,1,1.911,1.358,0.553,0.553,0.553,0.0,0.0,5.925,5.161,0.764,0.764,0.764,0.0,0.0
E09000002,Barking and Dagenham,22,4.318,4.487,-0.17,0.746,-1.067,0.0,4.55,7.068,7.427,-0.358,0.531,-1.378,0.0,4.55
E09000003,Barnet,42,3.636,3.343,0.293,1.537,-0.597,2.38,0.0,7.914,7.153,0.761,2.602,-0.663,16.67,0.0
E09000004,Bexley,28,4.249,4.143,0.106,0.829,-0.619,0.0,0.0,8.366,8.301,0.065,1.065,-0.887,0.0,0.0
E09000005,Brent,35,3.87,3.643,0.227,1.459,-0.617,5.71,0.0,7.159,7.027,0.132,2.702,-0.826,5.71,0.0
E09000006,Bromley,39,3.698,3.751,-0.053,0.893,-0.875,0.0,0.0,8.243,8.246,-0.003,1.028,-1.104,0.0,0.0
E09000007,Camden,27,3.313,3.306,0.007,0.852,-0.655,0.0,0.0,7.252,6.717,0.535,1.845,-0.781,11.11,0.0
E09000008,Croydon,45,3.975,3.653,0.322,1.171,-0.802,4.44,0.0,7.966,7.591,0.374,2.089,-1.162,11.11,0.0
E09000009,Ealing,41,3.571,3.429,0.143,1.023,-0.622,2.44,0.0,6.988,7.007,-0.018,1.31,-1.293,0.0,0.0
E09000010,Enfield,36,4.226,4.16,0.066,1.701,-1.18,2.78,2.78,8.024,7.906,0.117,2.111,-1.149,5.56,0.0
E09000011,Greenwich,35,3.938,3.897,0.041,0.894,-1.19,0.0,5.71,7.276,7.32,-0.044,1.33,-1.526,0.0,2.86
E09000012,Hackney,30,3.498,3.671,-0.173,0.47,-1.178,0.0,3.33,6.701,6.849,-0.148,0.759,-1.128,0.0,0.0
E09000013,Hammersmith and Fulham,25,2.946,3.121,-0.174,1.271,-1.23,4.0,4.0,6.132,6.547,-0.415,1.369,-1.744,4.0,8.0
E09000014,Haringey,36,3.353,3.449,-0.096,0.685,-1.018,0.0,2.78,6.8,6.887,-0.087,1.35,-1.073,2.78,0.0
E09000015,Harrow,30,3.976,3.558,0.419,1.25,-0.545,10.0,0.0,8.197,7.546,0.65,2.353,-0.556,20.0,0.0
E09000016,Havering,30,4.264,4.152,0.112,0.737,-0.836,0.0,0.0,8.457,8.421,0.037,0.86,-1.233,0.0,0.0
E09000017,Hillingdon,32,4.009,3.619,0.391,1.104,-0.272,9.38,0.0,7.975,7.442,0.533,1.405,-0.397,3.12,0.0
E09000018,Hounslow,29,3.882,3.49,0.392,1.452,-0.394,17.24,0.0,7.205,7.038,0.167,1.139,-0.937,0.0,0.0
E09000019,Islington,23,3.592,3.62,-0.028,0.563,-0.64,0.0,0.0,7.243,6.969,0.274,1.351,-0.497,4.35,0.0
E09000020,Kensington and Chelsea,21,3.116,3.257,-0.141,1.862,-0.993,9.52,4.76,6.715,6.777,-0.062,2.76,-1.688,14.29,14.29
E09000021,Kingston upon Thames,20,3.257,3.143,0.114,0.741,-0.35,0.0,0.0,7.318,7.255,0.063,1.793,-0.829,5.0,0.0
E09000022,Lambeth,35,2.96,2.9,0.06,1.001,-0.727,2.86,0.0,6.274,6.27,0.004,1.503,-1.258,2.86,0.0
E09000023,Lewisham,37,3.525,3.473,0.051,1.067,-0.579,2.7,0.0,7.124,6.908,0.216,1.368,-1.053,5.41,0.0
E09000024,Merton,25,3.311,3.119,0.192,0.639,-0.684,0.0,0.0,6.885,6.967,-0.082,0.819,-1.052,0.0,0.0
E09000025,Newham,40,3.94,3.782,0.159,0.859,-0.432,0.0,0.0,6.59,6.528,0.062,1.979,-0.682,2.5,0.0
E09000026,Redbridge,33,3.796,3.782,0.014,1.205,-1.203,3.03,6.06,7.391,7.47,-0.08,2.004,-2.005,3.03,6.06
E09000027,Richmond upon Thames,23,2.688,3.065,-0.376,0.864,-1.103,0.0,8.7,7.071,7.414,-0.343,1.39,-1.447,4.35,4.35
E09000028,Southwark,34,3.234,3.144,0.09,0.934,-0.823,0.0,0.0,6.425,6.444,-0.019,0.953,-1.218,0.0,0.0
E09000029,Sutton,24,3.869,3.729,0.14,1.645,-1.332,8.33,4.17,8.081,7.928,0.153,2.444,-1.897,12.5,8.33
E09000030,Tower Hamlets,34,3.549,3.468,0.081,0.699,-0.856,0.0,0.0,6.329,6.203,0.126,1.676,-1.216,2.94,0.0
E09000031,Waltham Forest,28,3.669,3.459,0.21,0.849,-0.485,0.0,0.0,7.112,6.923,0.189,1.512,-0.8,3.57,0.0
E09000032,Wandsworth,38,2.686,2.831,-0.145,0.679,-1.568,0.0,2.63,5.782,6.435,-0.654,0.902,-1.926,0.0,15.79
E09000033,Westminster,24,3.324,3.235,0.088,1.09,-1.526,8.33,4.17,6.718,6.661,0.057,1.317,-1.585,0.0,4.17
W06000001,Isle of Anglesey,9,5.572,5.333,0.24,0.923,-0.57,0.0,0.0,10.205,10.358,-0.153,0.709,-1.23,0.0,0.0
W06000002,Gwynedd,17,4.867,4.672,0.195,0.906,-0.593,0.0,0.0,8.982,9.404,-0.422,0.908,-1.622,0.0,11.76
W06000003,Conwy,15,5.798,5.562,0.236,2.148,-0.652,13.33,0.0,10.494,10.558,-0.064,1.647,-1.462,6.67,6.67
W06000004,Denbighshire,15,6.392,5.843,0.548,2.183,-0.799,26.67,0.0,11.099,10.684,0.415,1.672,-1.02,6.67,0.0
W06000005,Flintshire,20,5.433,4.985,0.448,1.726,-0.901,20.0,0.0,10.456,9.766,0.689,2.79,-0.842,20.0,0.0
W06000006,Wrexham,18,5.587,5.197,0.39,1.361,-0.819,22.22,0.0,10.1,9.736,0.364,1.88,-1.369,11.11,5.56
W06000008,Ceredigion,9,5.391,4.789,0.602,1.099,0.096,22.22,0.0,10.564,9.583,0.981,1.834,0.175,11.11,0.0
W06000009,Pembrokeshire,16,5.973,5.662,0.311,0.981,-0.699,6.25,0.0,10.914,10.519,0.394,1.296,-0.805,0.0,0.0
W06000010,Carmarthenshire,25,6.462,5.88,0.582,1.566,-1.174,32.0,4.0,11.35,10.705,0.645,1.756,-1.974,20.0,4.0
W06000011,Swansea,30,5.992,5.626,0.366,1.28,-1.452,20.0,6.67,10.94,10.089,0.851,2.038,-1.463,30.0,3.33
W06000012,Neath Port Talbot,18,7.487,6.795,0.692,1.615,-0.548,27.78,0.0,12.281,11.363,0.918,2.609,-0.965,33.33,0.0
W06000013,Bridgend,19,6.566,6.138,0.429,1.358,-0.726,15.79,0.0,11.198,10.67,0.528,1.749,-0.823,10.53,0.0
W06000014,Vale of Glamorgan,15,5.108,5.032,0.076,0.836,-0.994,0.0,6.67,10.356,9.943,0.413,1.612,-0.92,13.33,0.0
W06000015,Cardiff,48,4.489,4.647,-0.158,0.891,-1.624,0.0,6.25,8.768,8.689,0.079,1.469,-1.476,2.08,2.08
W06000016,Rhondda Cynon Taf,31,6.696,6.43,0.267,1.199,-0.784,3.23,0.0,11.167,10.791,0.376,1.289,-0.898,0.0,0.0
W06000018,Caerphilly,24,6.927,6.399,0.528,1.53,-0.341,20.83,0.0,11.499,10.789,0.71,1.665,-0.101,8.33,0.0
W06000019,Blaenau Gwent,9,7.136,7.01,0.126,0.603,-0.516,0.0,0.0,11.421,11.226,0.195,0.797,-0.65,0.0,0.0
W06000020,Torfaen,13,6.54,6.148,0.392,0.953,-0.752,0.0,0.0,11.365,10.687,0.678,1.742,-1.138,15.38,0.0
W06000021,Monmouthshire,11,4.797,4.824,-0.027,0.946,-0.912,0.0,0.0,10.371,9.88,0.49,2.4,-1.01,18.18,0.0
W06000022,Newport,20,5.603,5.363,0.24,1.03,-0.785,5.0,0.0,10.106,9.608,0.498,1.424,-1.374,5.0,5.0
W06000023,Powys,19,5.107,4.732,0.375,1.356,-1.565,21.05,5.26,10.559,9.737,0.823,2.882,-1.037,26.32,0.0
W06000024,Merthyr Tydfil,7,6.977,6.754,0.223,1.536,-0.971,14.29,14.29,11.158,10.996,0.161,1.96,-1.671,14.29,14.29
